Test_Id,Agent_1_Max,Agent_1_Max_Unclipped,Agent_1_Sum,Agent_1_Sum_Unclipped,Agent_2_Max,Agent_2_Max_Unclipped,Agent_2_Sum,Agent_2_Sum_Unclipped,Max_Envies,Max_Envies_Unclipped,Sum_Envies,Sum_Envies_Unclipped,Envy_Freeness
1,1.4800000000000004,1.4800000000000004,1.4800000000000004,1.4800000000000004,0.0,0.0,0.0,-3.8500000000000014,1.4800000000000004,1.4800000000000004,1.4800000000000004,-2.370000000000001,0
